# ESP-IDF custom partition table — MeshCadet firmware (ESP32-S3 / T-Deck Plus, 16 MB flash).
#
# Replaces the ESP-IDF DEFAULT partition table (which assumes 4 MB flash and has no
# room for a dedicated history region). Paired with sdkconfig.defaults:
#   CONFIG_ESPTOOLPY_FLASHSIZE_16MB=y
#   CONFIG_PARTITION_TABLE_CUSTOM=y
#   CONFIG_PARTITION_TABLE_CUSTOM_FILENAME="partitions.csv"
#
# nvs/phy_init offsets and sizes are unchanged from the ESP-IDF default table (mc_id/
# mc_cfg/runtime config continue to live in nvs, untouched here).
#
# `factory` is sized at 6 MB. The actual app-image size is deliberately NOT
# pinned here as a static "measured" figure — that exact framing decayed
# silently (a prior version of this comment claimed 2,359,440 B / ~2.25 MB;
# a direct release-build measurement later found 5,083,402 B / ~4.85 MiB,
# 2.72 MB of undetected drift that an entire campaign had budgeted against —
# see meshcadet-emoji-font-upgrade-checkpoint-20260802-140922469). The live,
# recomputed figure — checked against a committed baseline with a 5% drift
# guard — comes from:
#
#   cargo run -p xtask --bin xtask -- verify-partition-budget
#
# (requires the `esp` cross-toolchain; see xtask/src/partition_budget.rs's
# module doc, wired into .github/workflows/ci.yml's `firmware` job). The
# baseline it diffs against, plus the last-known figure, live in
# firmware/app-image-budget-baseline.txt — read/bump THAT file, never this
# comment.
#
# `mc_hist` (SubType 0x40, in the ESP-IDF user-defined data range 0x40–0xFE) is a raw
# 256 KB region for per-conversation history. This file only DECLARES the partition;
# the flash read/write/format logic against it lives in the history-store module.
#
# No `coredump` partition: CONFIG_ESP_TASK_WDT_PANIC=y aborts/reboots on a watchdog
# timeout, and no CONFIG_COREDUMP_* option is set, so a TWDT panic does not flash-dump.
# Revisit if COREDUMP_* is ever enabled.
#
# NOTE: gen_esp32part.py only treats a line as a comment when '#' is the FIRST
# non-whitespace character — it does NOT strip trailing inline comments after data,
# so per-row notes below are on their own comment line(s) rather than after commas.
#
# nvs: 24 KB (unchanged — mc_id/mc_cfg/runtime)
# phy_init: 4 KB (unchanged)
# factory: 6 MB — actual app-image size: see firmware/app-image-budget-baseline.txt
#   and `cargo run -p xtask --bin xtask -- verify-partition-budget` (above)
# mc_hist: 256 KB — raw per-conversation history
#
# Name,   Type, SubType, Offset,  Size,     Flags
nvs,      data, nvs,     0x9000,  0x6000,
phy_init, data, phy,     0xf000,  0x1000,
factory,  app,  factory, 0x10000, 0x600000,
mc_hist,  data, 0x40,    ,        0x40000,
